week,campaign_name,cost,impressions,clicks,conv_value,views,leads
2024-01-01,Aromas,3012.42,93347,1610,16996.48,6140,189
2024-01-01,Baño,3131.59,84198,1507,9114.77,8018,100
2024-01-01,Cocina,1332.76,38100,672,7239.30,6442,36
2024-01-01,Deco,3411.44,102371,1633,19177.52,8954,188
2024-01-01,Jardín,3884.77,99843,1743,15210.14,9188,205
2024-01-01,Mesa,2533.78,63862,1523,13833.09,7697,111
2024-01-01,Sillones,1819.02,41955,884,9666.90,6242,49
2024-01-08,Aromas,2977.32,67977,1265,14724.12,7422,83
2024-01-08,Baño,4474.45,137728,2415,13551.30,21785,192
2024-01-08,Cocina,3209.28,68518,952,15978.27,8344,45
2024-01-08,Deco,3564.79,89562,1368,22302.25,15891,81
2024-01-08,Jardín,3019.17,70558,1627,14453.04,11593,177
2024-01-08,Mesa,2111.62,61363,1041,14156.53,7118,109
2024-01-08,Sillones,2133.37,47317,901,14923.04,5377,46
2024-01-15,Aromas,3571.77,102265,2297,9506.42,6022,207
2024-01-15,Baño,3657.53,101946,2215,15498.24,13893,234
2024-01-15,Cocina,1822.55,50603,954,6471.94,7631,41
2024-01-15,Deco,4436.70,110627,1376,21120.07,14019,150
2024-01-15,Jardín,4084.83,98706,1807,18611.20,14205,131
2024-01-15,Mesa,3360.78,67756,1194,23059.70,6369,113
2024-01-15,Sillones,3344.46,100082,2224,21294.32,9948,145
2024-01-22,Aromas,3308.50,79206,1188,20856.33,6011,84
2024-01-22,Baño,4079.51,98771,2007,26783.66,5529,208
2024-01-22,Cocina,4239.07,135497,2840,18876.02,8508,257
2024-01-22,Deco,2168.11,50403,692,10602.61,6228,71
2024-01-22,Jardín,1760.95,33643,755,9313.11,2735,85
2024-01-22,Mesa,1672.29,40897,615,6102.13,2094,64
2024-01-22,Sillones,4173.99,114728,1594,18731.97,10890,138
2024-01-29,Aromas,1779.61,35325,652,12228.97,4204,73
2024-01-29,Baño,4427.22,120487,1842,22342.75,16766,183
2024-01-29,Cocina,2794.59,59583,1123,14215.09,10668,71
2024-01-29,Deco,1361.85,36074,647,8945.56,3145,67
2024-01-29,Jardín,3203.31,73459,1442,16958.38,10145,140
2024-01-29,Mesa,3375.30,100370,1961,22159.91,13452,126
2024-01-29,Sillones,2654.72,69325,1441,7713.54,6125,143
2024-02-05,Aromas,2197.23,52109,712,14849.25,4667,56
2024-02-05,Baño,2317.76,45456,1070,7262.49,7984,116
2024-02-05,Cocina,3940.56,85106,1863,18395.77,13178,185
2024-02-05,Deco,3589.92,113869,2688,21972.59,11108,277
2024-02-05,Jardín,1245.93,31786,554,6887.17,4367,48
2024-02-05,Mesa,3913.98,121975,1622,13903.22,6495,179
2024-02-05,Sillones,3052.64,94062,1378,8500.02,14777,155
2024-02-12,Aromas,1615.55,41849,536,9601.54,3219,30
2024-02-12,Baño,4321.71,103149,2156,13809.40,10720,103
2024-02-12,Cocina,1520.73,46263,630,6906.25,6345,62
2024-02-12,Deco,2814.85,66750,1563,7451.52,6552,117
2024-02-12,Jardín,4336.83,130002,1715,24223.64,15701,202
2024-02-12,Mesa,2383.62,56191,802,7269.38,9004,61
2024-02-12,Sillones,3387.14,91398,1751,8793.37,13918,104
2024-02-19,Aromas,3464.12,86131,1973,9805.92,5211,174
2024-02-19,Baño,1677.47,33247,498,5510.89,4519,20
2024-02-19,Cocina,4069.99,91981,1266,26668.19,4632,137
2024-02-19,Deco,1249.04,36296,539,4942.41,2636,23
2024-02-19,Jardín,3647.67,92523,1938,16936.52,13984,157
2024-02-19,Mesa,1559.88,39080,912,4204.09,5933,99
2024-02-19,Sillones,2920.79,71304,1680,8101.43,8005,121
2024-02-26,Aromas,2287.83,45095,732,12569.42,6653,80
2024-02-26,Baño,2950.84,71858,1384,8694.06,10148,149
2024-02-26,Cocina,1416.75,30956,606,7037.86,2856,72
2024-02-26,Deco,3348.02,96307,1988,11609.62,10468,115
2024-02-26,Jardín,2318.47,56452,959,6788.23,5954,89
2024-02-26,Mesa,2435.19,49037,1131,6823.66,7754,53
2024-02-26,Sillones,1518.66,43043,935,7598.88,5433,79
2024-03-04,Aromas,2585.45,58877,967,14859.04,8889,82
2024-03-04,Baño,3367.23,71181,946,21227.62,6960,95
2024-03-04,Cocina,3579.50,112960,2169,14612.98,14134,123
2024-03-04,Deco,3094.53,90673,2007,21307.26,14180,178
2024-03-04,Jardín,3320.91,60996,1411,20697.80,5170,76
2024-03-04,Mesa,3518.91,78562,1263,8893.95,12812,107
2024-03-04,Sillones,2522.59,50417,988,6654.48,7411,56
2024-03-11,Aromas,1339.60,24464,563,8545.96,3054,48
2024-03-11,Baño,3384.40,83930,1452,12621.27,12433,71
2024-03-11,Cocina,1480.36,27736,385,7816.69,3816,23
2024-03-11,Deco,2618.71,57521,1158,12281.37,7864,50
2024-03-11,Jardín,2504.37,66091,799,9657.82,5119,40
2024-03-11,Mesa,2043.21,46163,558,11976.43,3362,39
2024-03-11,Sillones,3522.12,88065,1937,21583.17,5228,211
2024-03-18,Aromas,3689.67,105665,1837,24568.39,13037,166
2024-03-18,Baño,3239.81,96055,2212,9384.39,15347,131
2024-03-18,Cocina,3541.35,84453,1130,9185.74,7788,117
2024-03-18,Deco,3143.28,79636,1333,12246.94,7496,88
2024-03-18,Jardín,1754.84,44128,589,8414.07,7403,40
2024-03-18,Mesa,3600.35,106085,2310,12828.81,7323,128
2024-03-18,Sillones,3187.92,91311,1813,10511.06,13739,144
2024-03-25,Aromas,2017.55,48680,840,9789.91,3438,58
2024-03-25,Baño,2199.31,48044,608,10519.32,4340,46
2024-03-25,Cocina,3260.92,98151,1916,10367.48,5778,144
2024-03-25,Deco,1387.74,41137,531,8866.43,6630,47
2024-03-25,Jardín,2873.32,70333,1311,17421.48,11707,99
2024-03-25,Mesa,3872.39,105041,1665,17969.18,7312,74
2024-03-25,Sillones,1541.56,47152,760,8809.10,5450,40
2024-04-01,Aromas,1794.87,37689,880,8414.73,2994,44
2024-04-01,Baño,1417.51,27390,551,5356.29,3946,50
2024-04-01,Cocina,2133.55,50613,812,11074.16,7723,74
2024-04-01,Deco,4190.93,126674,2026,21467.32,8662,137
2024-04-01,Jardín,4393.40,122042,2038,22747.64,20983,131
2024-04-01,Mesa,2443.04,71051,1545,13474.65,11209,153
2024-04-01,Sillones,3461.87,87825,1734,15250.66,8522,119
2024-04-08,Aromas,4388.68,129187,2792,13704.96,10657,254
2024-04-08,Baño,1324.57,30087,637,4092.54,2977,33
2024-04-08,Cocina,1454.64,43380,573,8682.68,6878,63
2024-04-08,Deco,3943.44,113552,2465,12796.17,12138,179
2024-04-08,Jardín,3432.00,73188,1268,12980.42,10781,96
2024-04-08,Mesa,2962.24,66154,1435,13657.60,10489,99
2024-04-08,Sillones,4325.53,137474,2411,16298.48,13698,198
2024-04-15,Aromas,3955.38,101587,2105,19282.36,6547,132
2024-04-15,Baño,3718.29,81129,1854,11761.19,8670,214
2024-04-15,Cocina,4084.59,105233,1392,25759.50,16905,87
2024-04-15,Deco,1932.73,46995,761,5063.77,2675,61
2024-04-15,Jardín,1978.07,63146,1041,5196.08,10798,111
2024-04-15,Mesa,3344.87,97266,1327,12680.26,15355,126
2024-04-15,Sillones,1658.02,46221,803,4184.22,2787,48
2024-04-22,Aromas,2297.31,42777,793,14153.25,3112,81
2024-04-22,Baño,4186.98,110345,1345,20177.88,8987,69
2024-04-22,Cocina,2193.80,40954,697,13321.94,4481,34
2024-04-22,Deco,2616.49,69617,1036,11445.97,9493,48
2024-04-22,Jardín,4416.36,83679,1532,21123.34,14935,129
2024-04-22,Mesa,2488.50,61171,1200,17207.16,5075,49
2024-04-22,Sillones,3802.12,86791,1804,20254.47,13044,178
2024-04-29,Aromas,3188.10,94089,1744,12578.48,5683,161
2024-04-29,Baño,2710.34,59920,750,9208.70,3322,86
2024-04-29,Cocina,2733.26,75808,1484,16814.28,4412,151
2024-04-29,Deco,2900.77,92382,1710,10558.53,13665,94
2024-04-29,Jardín,2378.01,68800,1540,9496.99,4553,106
2024-04-29,Mesa,4135.31,117468,2670,17533.29,20742,212
2024-04-29,Sillones,2841.83,87927,1603,17349.83,12707,74
2024-05-06,Aromas,2023.72,39641,825,9603.96,3976,70
2024-05-06,Baño,4071.12,93374,2238,15207.68,16564,259
2024-05-06,Cocina,2211.44,58463,1000,12392.76,5594,43
2024-05-06,Deco,1447.64,38977,637,8837.72,5391,74
2024-05-06,Jardín,1671.17,44296,946,4439.63,2601,96
2024-05-06,Mesa,2408.88,56271,1058,12581.42,7781,122
2024-05-06,Sillones,2427.64,69632,1315,11853.14,7084,120
2024-05-13,Aromas,1484.51,33149,795,8513.54,3922,80
2024-05-13,Baño,2820.96,55620,1236,12790.78,9278,93
2024-05-13,Cocina,2063.86,44670,775,14413.28,3891,87
2024-05-13,Deco,1489.71,41037,908,5866.69,3905,41
2024-05-13,Jardín,2989.17,91105,2024,17047.63,15538,184
2024-05-13,Mesa,3819.20,95948,1291,13002.12,6529,133
2024-05-13,Sillones,1286.74,33141,544,7870.30,4033,48
2024-05-20,Aromas,3196.96,95254,1787,19864.50,5114,77
2024-05-20,Baño,2336.90,70788,1512,12570.35,5213,177
2024-05-20,Cocina,3917.02,74550,1764,21114.79,8088,166
2024-05-20,Deco,2627.64,80799,1023,8037.23,5647,54
2024-05-20,Jardín,2264.78,63256,1021,15251.19,10522,109
2024-05-20,Mesa,2027.00,54507,1014,6209.23,4871,83
2024-05-20,Sillones,2858.49,58201,1356,9129.66,7894,132
2024-05-27,Aromas,2019.29,60809,846,8023.58,7607,55
2024-05-27,Baño,2843.53,76150,1178,19349.98,8588,122
2024-05-27,Cocina,3316.80,86484,1713,19739.31,9007,156
2024-05-27,Deco,3460.47,76698,987,9584.15,8218,77
2024-05-27,Jardín,1873.28,49629,781,10738.80,7218,85
2024-05-27,Mesa,4418.73,87626,1441,22214.88,8016,111
2024-05-27,Sillones,2082.66,44716,588,7926.49,4468,52
2024-06-03,Aromas,3823.16,86966,2023,22546.49,6598,163
2024-06-03,Baño,4319.27,108310,2556,14979.87,10384,112
2024-06-03,Cocina,3718.30,92867,1688,17641.17,8368,70
2024-06-03,Deco,2833.15,85993,1707,13082.47,10299,183
2024-06-03,Jardín,2622.06,79591,1649,15568.11,7765,118
2024-06-03,Mesa,3081.93,63873,1190,8724.61,7380,120
2024-06-03,Sillones,2123.08,67614,1363,6442.80,11951,97
2024-06-10,Aromas,3275.78,87385,1930,10367.82,12102,82
2024-06-10,Baño,3200.66,80711,1286,16831.65,5740,153
2024-06-10,Cocina,2850.26,53112,724,11397.28,5926,55
2024-06-10,Deco,3639.75,80763,1295,22665.85,9627,125
2024-06-10,Jardín,2189.31,64410,1057,12111.54,11425,91
2024-06-10,Mesa,3829.29,107811,2183,10032.41,12042,256
2024-06-10,Sillones,3783.58,109217,2067,21741.61,13745,110
2024-06-17,Aromas,2246.23,51401,1192,13655.59,4397,59
2024-06-17,Baño,2554.25,73688,1698,16417.87,10733,76
2024-06-17,Cocina,4329.08,84583,1034,16933.69,5894,98
2024-06-17,Deco,1655.67,34608,550,9073.12,4094,35
2024-06-17,Jardín,1771.50,54508,878,7253.05,8195,85
2024-06-17,Mesa,3322.92,92066,1778,11182.25,7553,150
2024-06-17,Sillones,1942.06,61409,956,7380.84,4725,92
2024-06-24,Aromas,1858.20,58523,927,10046.46,9833,43
2024-06-24,Baño,2158.49,47544,977,8760.54,5111,59
2024-06-24,Cocina,3432.85,80039,1901,21224.30,13934,198
2024-06-24,Deco,2780.96,57924,1069,18628.57,8138,54
2024-06-24,Jardín,3231.73,84721,1263,17820.60,10084,114
2024-06-24,Mesa,1373.22,32663,673,4054.37,4905,27
2024-06-24,Sillones,3016.16,93523,1578,20231.35,15355,123
2024-07-01,Aromas,3699.03,75670,1685,24179.44,11918,136
2024-07-01,Baño,4111.41,84123,1937,28727.53,8547,154
2024-07-01,Cocina,3094.64,78888,1631,20780.55,13309,88
2024-07-01,Deco,4290.81,135031,3120,27655.74,6914,266
2024-07-01,Jardín,1554.09,49360,760,10802.41,5954,60
2024-07-01,Mesa,4297.25,128551,2264,14471.64,8310,119
2024-07-01,Sillones,2714.42,58636,834,15783.74,8959,71
2024-07-08,Aromas,3391.51,71417,1069,19997.47,11677,49
2024-07-08,Baño,2060.59,43885,923,13997.92,3916,90
2024-07-08,Cocina,1486.23,40677,578,4656.01,3745,34
2024-07-08,Deco,1237.74,33606,682,3440.37,2196,44
2024-07-08,Jardín,2537.87,63536,1444,14379.62,5745,71
2024-07-08,Mesa,4223.23,93462,1810,14722.51,6295,94
2024-07-08,Sillones,3667.52,97117,1650,18233.30,10800,136
2024-07-15,Aromas,2549.26,73331,1553,17596.27,9823,114
2024-07-15,Baño,2868.11,74621,1029,11405.11,8778,50
2024-07-15,Cocina,2674.27,74485,963,13474.99,4322,80
2024-07-15,Deco,1877.82,49131,643,9007.34,7621,49
2024-07-15,Jardín,2893.72,70592,896,13255.26,10934,87
2024-07-15,Mesa,2506.63,73771,1545,12789.83,4122,104
2024-07-15,Sillones,1410.41,45017,1045,3964.07,7715,44
2024-07-22,Aromas,3172.69,88346,1111,18504.51,9037,65
2024-07-22,Baño,3383.92,86459,1715,13755.50,6328,142
2024-07-22,Cocina,4476.43,104545,2345,29456.92,10332,221
2024-07-22,Deco,2945.18,83024,1218,7408.98,4396,77
2024-07-22,Jardín,3422.55,87693,1612,21237.34,7206,109
2024-07-22,Mesa,2109.64,65660,1359,6345.39,10192,99
2024-07-22,Sillones,3727.98,113228,1379,12777.14,7146,58
2024-07-29,Aromas,3859.06,118883,2228,26454.01,14556,113
2024-07-29,Baño,3614.01,81187,1556,19972.43,7443,99
2024-07-29,Cocina,1916.99,57686,731,9139.30,5053,76
2024-07-29,Deco,1672.76,45570,667,6443.89,2639,77
2024-07-29,Jardín,4103.06,126218,2462,18145.36,14443,289
2024-07-29,Mesa,4307.24,118013,2528,16945.98,12287,131
2024-07-29,Sillones,2442.32,69757,1233,15440.42,6215,119
2024-08-05,Aromas,2892.29,72197,951,20002.92,8016,101
2024-08-05,Baño,3591.13,74216,1129,19864.42,9527,124
2024-08-05,Cocina,2001.43,41723,824,13309.57,6680,39
2024-08-05,Deco,1820.94,52194,1079,9131.69,5862,118
2024-08-05,Jardín,2298.78,72177,879,15441.42,12636,43
2024-08-05,Mesa,4498.59,111137,1657,23481.76,8511,187
2024-08-05,Sillones,3021.86,87202,1444,14811.43,8432,87
2024-08-12,Aromas,2560.89,76303,1127,14551.68,3905,90
2024-08-12,Baño,2060.55,64055,1213,9023.38,4471,80
2024-08-12,Cocina,4217.29,97798,1659,21218.71,7703,85
2024-08-12,Deco,2453.47,72787,1309,13360.96,10119,79
2024-08-12,Jardín,3911.25,123326,2429,18412.93,8863,251
2024-08-12,Mesa,1758.58,49388,882,11652.41,5950,80
2024-08-12,Sillones,1393.82,25748,570,9412.92,3524,57
2024-08-19,Aromas,2451.57,63098,799,6233.18,4560,63
2024-08-19,Baño,1221.82,31428,381,5965.39,2693,45
2024-08-19,Cocina,2431.56,64800,1296,12824.88,7310,102
2024-08-19,Deco,1256.57,36923,741,7699.96,6213,35
2024-08-19,Jardín,1517.84,30485,436,7390.42,4754,26
2024-08-19,Mesa,2509.76,58283,983,12655.48,10416,57
2024-08-19,Sillones,3457.34,103271,2049,21995.53,15361,97
2024-08-26,Aromas,4415.27,82793,1427,27701.54,7805,144
2024-08-26,Baño,1340.42,28095,629,8704.69,3141,27
2024-08-26,Cocina,2631.90,76275,1433,16741.06,4759,117
2024-08-26,Deco,1445.35,44745,1019,7278.48,2428,116
2024-08-26,Jardín,2237.80,70402,1340,13169.77,10043,96
2024-08-26,Mesa,1453.89,29476,438,9095.45,2965,48
2024-08-26,Sillones,2294.71,65579,897,15943.98,9452,71
2024-09-02,Aromas,2270.62,53117,823,9639.00,3240,92
2024-09-02,Baño,2818.99,64784,1509,12525.67,8963,140
2024-09-02,Cocina,4351.03,102483,2181,11457.64,8765,260
2024-09-02,Deco,1482.79,39532,852,8465.23,2398,44
2024-09-02,Jardín,3548.53,95365,1990,13928.18,6089,80
2024-09-02,Mesa,2217.28,51083,778,6865.33,3798,59
2024-09-02,Sillones,3030.64,71864,885,12403.25,4462,77
2024-09-09,Aromas,2161.78,59944,1072,11006.60,4886,75
2024-09-09,Baño,2193.73,54632,697,9775.37,5722,54
2024-09-09,Cocina,4187.18,132710,2503,13663.30,13204,127
2024-09-09,Deco,1453.84,31292,468,7723.75,3980,26
2024-09-09,Jardín,1553.01,34578,808,6204.24,4516,84
2024-09-09,Mesa,2287.49,51894,1130,14566.24,9167,57
2024-09-09,Sillones,2258.20,70595,1017,8838.18,12381,119
2024-09-16,Aromas,1480.44,42585,847,6066.16,5711,36
2024-09-16,Baño,3449.65,88660,2077,15790.09,12597,155
2024-09-16,Cocina,3894.43,91523,1223,19617.53,11622,102
2024-09-16,Deco,2161.39,59869,1306,13142.25,6177,104
2024-09-16,Jardín,3290.01,70367,1400,18814.13,10736,64
2024-09-16,Mesa,4469.31,110433,1856,21362.22,18735,176
2024-09-16,Sillones,2994.03,87036,1419,19550.28,10426,129
2024-09-23,Aromas,4002.29,108348,2180,12965.81,19275,129
2024-09-23,Baño,1234.81,26699,484,5969.79,3349,41
2024-09-23,Cocina,4445.91,122194,2052,26173.38,21450,152
2024-09-23,Deco,2671.07,62705,1333,13752.41,7214,90
2024-09-23,Jardín,1281.06,24934,423,8746.77,1622,48
2024-09-23,Mesa,1667.53,37296,651,5721.13,4206,50
2024-09-23,Sillones,2645.95,73437,1162,10190.04,11406,57
2024-09-30,Aromas,2181.57,58035,755,6768.89,3790,48
2024-09-30,Baño,1808.69,48774,838,4759.33,6332,46
2024-09-30,Cocina,1775.70,35943,672,12097.96,2880,48
2024-09-30,Deco,3154.27,73947,1512,10806.63,10929,158
2024-09-30,Jardín,1406.46,27319,613,4699.43,2523,46
2024-09-30,Mesa,2065.77,62131,1139,11105.54,7928,101
2024-09-30,Sillones,3137.12,71748,1588,16558.11,11177,153
2024-10-07,Aromas,3650.31,104847,1949,10985.42,6798,198
2024-10-07,Baño,1812.99,48763,990,9796.79,8776,83
2024-10-07,Cocina,1804.05,49986,906,7905.47,3395,64
2024-10-07,Deco,2815.82,56215,886,12754.26,3202,60
2024-10-07,Jardín,1231.63,24523,534,8420.91,2837,42
2024-10-07,Mesa,3459.50,82401,1819,16256.70,5005,77
2024-10-07,Sillones,3711.49,81983,1254,18257.69,5891,96
2024-10-14,Aromas,4031.46,128187,2583,11806.17,22453,265
2024-10-14,Baño,4466.26,86796,1906,26266.32,7698,228
2024-10-14,Cocina,3916.83,90620,1981,10525.50,13001,165
2024-10-14,Deco,2684.12,61412,1338,12013.61,11005,136
2024-10-14,Jardín,1981.92,58169,1108,8081.96,8283,100
2024-10-14,Mesa,1747.74,34866,504,5996.92,2012,34
2024-10-14,Sillones,2127.58,54344,863,12059.64,4761,52
2024-10-21,Aromas,2086.17,61744,991,10640.94,7631,78
2024-10-21,Baño,3547.60,105004,2219,19664.56,11931,191
2024-10-21,Cocina,4231.94,134976,3024,12996.26,21945,181
2024-10-21,Deco,2086.77,49663,865,11166.97,8165,41
2024-10-21,Jardín,2901.52,63529,1476,12072.72,11024,97
2024-10-21,Mesa,1208.16,34840,724,6994.28,3818,67
2024-10-21,Sillones,2382.14,44990,828,8290.39,4762,47
2024-10-28,Aromas,3896.46,124040,2117,12058.72,7344,149
2024-10-28,Baño,1609.98,48310,835,4029.85,8432,46
2024-10-28,Cocina,2334.34,64324,809,6881.84,9771,62
2024-10-28,Deco,3472.35,68915,1364,11165.00,11801,84
2024-10-28,Jardín,3360.14,72261,1189,22066.38,5167,85
2024-10-28,Mesa,2208.18,61370,908,12033.88,8682,36
2024-10-28,Sillones,2773.46,55074,810,15420.23,2820,77
2024-11-04,Aromas,3372.74,74952,1365,16165.03,11034,86
2024-11-04,Baño,3685.42,73207,1750,11582.68,8709,71
2024-11-04,Cocina,3611.52,70186,1106,23346.49,4760,112
2024-11-04,Deco,3345.07,80821,1670,17817.03,5631,121
2024-11-04,Jardín,3465.67,104106,1357,10230.98,15388,118
2024-11-04,Mesa,2467.31,77684,1225,7720.78,6681,57
2024-11-04,Sillones,3026.21,79892,1541,18173.48,11165,166
2024-11-11,Aromas,1870.55,54831,1010,7965.36,7262,107
2024-11-11,Baño,3159.97,80250,1904,21933.25,13755,96
2024-11-11,Cocina,1380.08,42190,989,6523.62,2727,79
2024-11-11,Deco,4040.69,104885,1718,22519.71,15644,199
2024-11-11,Jardín,3742.21,68234,874,13770.72,3764,39
2024-11-11,Mesa,3804.66,95468,1865,18090.08,9929,179
2024-11-11,Sillones,1472.01,37553,728,5517.99,3390,58
2024-11-18,Aromas,2848.71,73885,1212,10392.17,4682,104
2024-11-18,Baño,1484.50,35750,623,7778.41,3224,61
2024-11-18,Cocina,3447.48,65245,1329,19943.05,10441,59
2024-11-18,Deco,3644.17,71688,1469,20614.16,5111,170
2024-11-18,Jardín,2925.92,84739,1749,9513.13,5635,179
2024-11-18,Mesa,2086.92,63462,1349,5493.00,9831,83
2024-11-18,Sillones,1410.78,39463,746,4016.22,4308,51
2024-11-25,Aromas,2202.90,58857,1033,11372.72,6717,105
2024-11-25,Baño,2756.82,64404,888,18443.75,10399,74
2024-11-25,Cocina,3585.17,75997,1375,9673.40,12325,81
2024-11-25,Deco,4216.03,119605,2037,16645.34,12452,198
2024-11-25,Jardín,2095.15,39997,658,9971.21,6689,35
2024-11-25,Mesa,3854.32,122335,2868,10831.28,13513,179
2024-11-25,Sillones,3987.99,90057,1678,10113.00,6852,142
2024-12-02,Aromas,4381.92,93399,1413,17166.35,14393,135
2024-12-02,Baño,1968.89,44989,993,12694.23,7811,39
2024-12-02,Cocina,1844.89,56465,1192,6647.28,2870,86
2024-12-02,Deco,3369.10,100689,2086,9998.72,11969,123
2024-12-02,Jardín,2823.70,53194,1274,16101.94,3302,144
2024-12-02,Mesa,4161.05,105177,2146,17377.43,18583,100
2024-12-02,Sillones,1515.40,30109,657,4298.80,3727,49
2024-12-09,Aromas,2724.74,79711,1090,6958.46,12590,129
2024-12-09,Baño,3129.54,63140,882,14387.26,6493,73
2024-12-09,Cocina,3626.66,81428,1242,10285.56,6217,127
2024-12-09,Deco,4383.29,91641,1438,16185.47,6010,75
2024-12-09,Jardín,3463.98,102427,2085,9288.61,16252,138
2024-12-09,Mesa,1501.00,32234,524,7220.68,4449,31
2024-12-09,Sillones,4469.23,82390,1388,20267.55,12131,83
2024-12-16,Aromas,2123.26,42298,608,13760.72,5006,54
2024-12-16,Baño,2054.11,60346,739,5731.22,10097,55
2024-12-16,Cocina,1631.36,48176,793,8705.49,6446,68
2024-12-16,Deco,1625.01,49840,1094,6487.01,2768,84
2024-12-16,Jardín,1754.36,45673,998,7504.28,2458,94
2024-12-16,Mesa,1770.26,37186,529,6655.03,6129,22
2024-12-16,Sillones,3243.28,69539,1080,14121.14,8455,48
2024-12-23,Aromas,3860.49,107193,2461,10141.25,15122,284
2024-12-23,Baño,2799.44,86159,1553,11891.24,6322,101
2024-12-23,Cocina,3847.15,112059,2675,23154.57,10834,223
2024-12-23,Deco,1922.77,58722,1253,5313.87,10505,103
2024-12-23,Jardín,3730.58,119357,2827,11007.46,16160,173
2024-12-23,Mesa,3893.74,120089,1521,27192.97,9429,163
2024-12-23,Sillones,3831.39,87996,1942,24151.14,6414,169
2024-12-30,Aromas,4370.18,118381,1668,29976.60,16592,190
2024-12-30,Baño,2219.88,55199,722,7873.46,4330,59
2024-12-30,Cocina,3059.90,79201,1129,21254.16,13037,89
2024-12-30,Deco,1202.26,37090,534,3711.61,5311,60
2024-12-30,Jardín,3986.14,89808,1101,20487.72,15199,112
2024-12-30,Mesa,3993.39,119998,2823,16696.98,20693,202
2024-12-30,Sillones,1533.41,34079,464,4920.34,5906,47
2025-01-06,Aromas,3207.84,86756,1725,5810.94,13347,166
2025-01-06,Baño,2883.33,78362,1487,15305.35,8672,62
2025-01-06,Cocina,3631.43,98831,1850,24276.91,13286,84
2025-01-06,Deco,4843.79,131421,2534,14869.56,10095,198
2025-01-06,Jardín,3307.92,89944,1699,12930.39,14015,54
2025-01-06,Mesa,3046.42,82971,1542,14358.08,7217,153
2025-01-06,Sillones,4079.71,110872,2105,17870.52,6129,170
2025-01-13,Aromas,2510.33,68155,1306,5319.64,4672,128
2025-01-13,Baño,3813.02,103154,2045,23442.14,16102,92
2025-01-13,Cocina,3766.43,102431,1931,25305.51,11501,182
2025-01-13,Deco,6198.24,167540,3347,26422.23,18071,319
2025-01-13,Jardín,3716.44,100838,1944,11336.33,5107,154
2025-01-13,Mesa,4143.3,112221,2200,20421.99,6749,202
2025-01-13,Sillones,4799.03,130054,2536,19679.86,7397,208
2025-01-20,Aromas,2041.04,55641,1024,4179.32,2234,58
2025-01-20,Baño,2577.52,70207,1303,15433.93,6571,63
2025-01-20,Cocina,3723.15,101277,1905,21450.78,11818,175
2025-01-20,Deco,4254.41,115704,2181,15785.73,8092,75
2025-01-20,Jardín,3204.37,87183,1637,9706.29,12741,105
2025-01-20,Mesa,4785.82,129355,2585,17437.33,16545,252
2025-01-20,Sillones,3983.3,108301,2047,21905.76,7667,76
2025-01-27,Aromas,2686.27,72847,1412,7347.11,3558,125
2025-01-27,Baño,3128.64,84904,1634,17080.0,4429,103
2025-01-27,Cocina,5082.78,137534,2721,28851.49,11751,185
2025-01-27,Deco,5320.88,144143,2821,18186.45,20711,213
2025-01-27,Jardín,3317.47,90199,1704,12312.06,13908,59
2025-01-27,Mesa,3472.11,94323,1797,13613.87,7110,94
2025-01-27,Sillones,5130.37,138890,2735,28852.07,17008,113
2025-02-03,Aromas,2935.11,79483,1561,9050.0,7783,50
2025-02-03,Baño,3738.27,101161,2000,20151.74,12932,136
2025-02-03,Cocina,3870.93,105218,1994,22594.15,6356,112
2025-02-03,Deco,6185.32,167195,3339,17690.76,24707,121
2025-02-03,Jardín,3605.48,97880,1877,11529.39,14365,76
2025-02-03,Mesa,4279.8,115861,2282,16806.95,17737,94
2025-02-03,Sillones,4346.71,117992,2265,20059.55,13130,165
2025-02-10,Aromas,2581.44,70052,1349,7235.11,4798,45
2025-02-10,Baño,3859.27,104387,2072,19817.58,6555,163
2025-02-10,Cocina,3465.26,94400,1750,19542.06,4923,77
2025-02-10,Deco,5164.72,139979,2727,19026.73,17727,221
2025-02-10,Jardín,3205.15,87204,1637,11157.32,5095,90
2025-02-10,Mesa,4035.27,109340,2135,20051.5,11875,189
2025-02-10,Sillones,4532.03,122934,2376,22480.23,8830,118
2025-02-17,Aromas,3085.81,83502,1651,5364.93,4161,147
2025-02-17,Baño,2844.38,77323,1464,16067.79,9235,105
2025-02-17,Cocina,5030.08,136129,2689,34752.62,12430,136
2025-02-17,Deco,5020.74,136140,2641,22332.65,8707,83
2025-02-17,Jardín,3865.22,104806,2033,9000.94,10343,155
2025-02-17,Mesa,2994.75,81593,1511,13293.04,6282,87
2025-02-17,Sillones,5393.39,145904,2893,28878.91,8827,145
2025-02-24,Aromas,2909.18,78791,1545,5159.43,5290,75
2025-02-24,Baño,3181.68,86318,1666,17614.1,5367,153
2025-02-24,Cocina,3463.24,94346,1749,22615.79,4805,119
2025-02-24,Deco,4166.7,113365,2128,12882.52,9559,130
2025-02-24,Jardín,4596.87,124316,2472,14259.4,14929,88
2025-02-24,Mesa,3996.85,108316,2112,16015.22,5133,174
2025-02-24,Sillones,4836.23,131046,2559,25330.63,9382,160
2025-03-03,Aromas,1654.71,45105,831,3097.25,4702,75
2025-03-03,Baño,3247.63,87793,1752,16354.09,13738,124
2025-03-03,Cocina,3580.78,97097,1883,26110.4,7889,127
2025-03-03,Deco,3500.34,95162,1800,13340.01,10128,159
2025-03-03,Jardín,3641.35,98503,1954,10335.83,9569,69
2025-03-03,Mesa,3731.59,100909,2008,13344.32,9786,184
2025-03-03,Sillones,2800.92,76371,1403,11814.22,10555,83
2025-03-10,Aromas,1891.19,51412,973,4230.59,6727,40
2025-03-10,Baño,3112.95,84202,1671,15626.57,8441,155
2025-03-10,Cocina,2941.77,80057,1499,19000.77,11875,119
2025-03-10,Deco,4705.09,127289,2523,16823.61,17318,195
2025-03-10,Jardín,3603.55,97495,1931,8636.77,13358,74
2025-03-10,Mesa,2995.12,81270,1566,11389.42,12850,153
2025-03-10,Sillones,3590.37,97423,1877,14941.18,11148,72
2025-03-17,Aromas,2610.68,70598,1405,5852.31,10568,48
2025-03-17,Baño,2887.91,78201,1536,14311.33,7213,153
2025-03-17,Cocina,3179.95,86409,1642,20050.35,7846,162
2025-03-17,Deco,4461.02,120781,2376,13060.17,13922,210
2025-03-17,Jardín,2406.7,65579,1213,7329.08,5189,59
2025-03-17,Mesa,3749.08,101375,2018,14763.28,8776,116
2025-03-17,Sillones,3514.77,95407,1832,18584.49,6768,171
2025-03-24,Aromas,2175.42,58991,1144,6316.81,6521,95
2025-03-24,Baño,3128.75,84623,1681,20001.79,11372,123
2025-03-24,Cocina,3601.07,97638,1895,24072.0,9273,172
2025-03-24,Deco,3121.55,85061,1573,11723.92,8736,93
2025-03-24,Jardín,2482.46,67599,1258,6407.83,7268,46
2025-03-24,Mesa,3252.01,88120,1720,12908.92,13461,162
2025-03-24,Sillones,3232.97,87893,1663,17271.95,7886,67
2025-03-31,Aromas,1809.06,49221,924,2778.21,3595,37
2025-03-31,Baño,3292.34,88986,1779,18421.1,7231,104
2025-03-31,Cocina,3759.01,101850,1990,27158.32,7570,134
2025-03-31,Deco,3439.12,93530,1763,14976.82,8040,112
2025-03-31,Jardín,3103.64,84164,1631,9627.99,3758,150
2025-03-31,Mesa,2873.22,78019,1493,11757.5,8819,117
2025-03-31,Sillones,4613.81,124715,2491,21994.77,14102,81
2025-04-07,Aromas,2254.69,61105,1191,6625.72,4499,76
2025-04-07,Baño,2316.26,62957,1193,11407.16,8152,112
2025-04-07,Cocina,2815.89,76700,1424,19331.7,6119,66
2025-04-07,Deco,3790.06,102888,1974,14288.6,15190,62
2025-04-07,Jardín,2503.41,68158,1271,6470.91,9833,50
2025-04-07,Mesa,3013.71,81766,1577,13764.52,10101,58
2025-04-07,Sillones,3199.14,86990,1642,18263.06,12012,84
2025-04-14,Aromas,2423.04,65594,1292,6363.29,9109,105
2025-04-14,Baño,2007.01,54710,1008,12708.15,7610,49
2025-04-14,Cocina,2920.04,79478,1486,16825.8,12470,90
2025-04-14,Deco,5012.21,135479,2707,17904.62,12194,203
2025-04-14,Jardín,3392.5,91867,1804,8766.02,12725,119
2025-04-14,Mesa,3742.78,101207,2015,17355.12,13272,182
2025-04-14,Sillones,4420.84,119569,2375,18519.69,7479,106
2025-04-21,Aromas,2147.74,58253,1127,4858.62,8152,99
2025-04-21,Baño,3088.72,83556,1657,17291.83,8423,65
2025-04-21,Cocina,3714.99,100677,1963,24603.49,5947,101
2025-04-21,Deco,4307.05,116675,2284,17643.23,16585,209
2025-04-21,Jardín,2320.24,63273,1161,9064.2,9501,92
2025-04-21,Mesa,2748.17,74684,1418,14135.16,5223,87
2025-04-21,Sillones,2775.97,75706,1388,14011.49,3291,60
2025-04-28,Aromas,1935.4,52591,1000,6154.61,3224,90
2025-04-28,Baño,2315.86,62946,1193,13842.96,6333,88
2025-04-28,Cocina,3083.41,83834,1584,21579.55,6109,138
2025-04-28,Deco,4462.25,120813,2377,20424.34,6628,76
2025-04-28,Jardín,2664.06,72442,1367,8060.06,4319,126
2025-04-28,Mesa,3783.73,102299,2039,18640.85,11296,111
2025-04-28,Sillones,2863.85,78049,1441,14489.08,6610,103
2025-05-05,Aromas,2086.64,56465,1116,5253.74,6645,86
2025-05-05,Baño,1947.53,52931,1004,11952.93,3927,57
2025-05-05,Cocina,2904.64,78806,1520,19081.97,10234,118
2025-05-05,Deco,3328.81,90294,1746,10474.7,5376,122
2025-05-05,Jardín,2999.92,81171,1606,9763.6,3442,135
2025-05-05,Mesa,2785.42,75451,1478,13218.71,5454,86
2025-05-05,Sillones,3004.95,81540,1571,14731.83,12703,141
2025-05-12,Aromas,1651.99,44874,856,5063.94,3439,83
2025-05-12,Baño,1953.81,53099,1008,10864.32,7932,75
2025-05-12,Cocina,3251.05,88044,1728,22448.5,11631,52
2025-05-12,Deco,3746.83,101441,1996,15689.63,11375,61
2025-05-12,Jardín,2326.72,63219,1202,5891.07,5384,65
2025-05-12,Mesa,3120.83,84396,1679,12604.47,9885,100
2025-05-12,Sillones,2542.74,69214,1293,12863.57,4864,111
2025-05-19,Aromas,1504.15,40932,767,2656.24,5779,43
2025-05-19,Baño,2398.57,64959,1275,13786.45,7877,111
2025-05-19,Cocina,3204.3,86797,1700,18245.16,6096,106
2025-05-19,Deco,3452.19,93584,1820,14680.16,8203,67
2025-05-19,Jardín,2845.48,77053,1514,8354.39,5841,56
2025-05-19,Mesa,2082.39,56704,1056,9790.9,6672,76
2025-05-19,Sillones,3453.7,93507,1840,17062.38,9479,140
2025-05-26,Aromas,1361.21,37120,681,2364.86,2152,56
2025-05-26,Baño,1936.76,52644,997,11205.63,6152,90
2025-05-26,Cocina,3466.91,93800,1858,23799.23,4470,184
2025-05-26,Deco,3028.68,82290,1566,12620.81,5870,124
2025-05-26,Jardín,3152.51,85240,1698,9219.52,11616,122
2025-05-26,Mesa,3026.19,81872,1622,15286.8,12113,140
2025-05-26,Sillones,2797.77,76015,1446,12399.21,11180,73
2025-06-02,Aromas,1776.27,48188,930,4539.76,2131,73
2025-06-02,Baño,2331.93,63182,1235,14196.74,7995,93
2025-06-02,Cocina,3455.68,93501,1851,22849.44,11151,143
2025-06-02,Deco,3173.68,86157,1653,14149.92,13758,79
2025-06-02,Jardín,2604.84,70636,1369,7597.69,8983,62
2025-06-02,Mesa,2702.39,73237,1428,13101.46,7956,61
2025-06-02,Sillones,2537.04,69062,1290,10600.26,6231,73
2025-06-09,Aromas,1967.9,53299,1045,5460.25,3290,38
2025-06-09,Baño,2570.24,69537,1378,13969.56,10345,106
2025-06-09,Cocina,3050.83,82705,1608,21521.23,8614,136
2025-06-09,Deco,2657.17,72383,1343,9292.5,7301,119
2025-06-09,Jardín,2218.74,60340,1138,6430.4,8266,94
2025-06-09,Mesa,1943.13,52990,972,7390.46,2933,46
2025-06-09,Sillones,3161.45,85713,1665,14418.99,12074,152
2025-06-16,Aromas,1939.17,52532,1028,3715.57,4189,49
2025-06-16,Baño,2215.8,60085,1165,12726.76,4823,42
2025-06-16,Cocina,3084.98,83615,1628,20330.02,5181,126
2025-06-16,Deco,4228.68,114290,2286,17351.12,9444,187
2025-06-16,Jardín,2612.63,70844,1374,9728.18,6833,124
2025-06-16,Mesa,2752.55,74575,1458,10655.78,5614,130
2025-06-16,Sillones,2527.85,68817,1284,14191.96,5288,109
2025-06-23,Aromas,1688.76,45855,878,2658.21,2131,78
2025-06-23,Baño,2158.47,58556,1131,12730.83,2842,104
2025-06-23,Cocina,2476.57,67391,1263,16317.03,7414,121
2025-06-23,Deco,3191.02,86619,1663,10125.55,8666,150
2025-06-23,Jardín,2112.75,57513,1074,7467.56,5124,75
2025-06-23,Mesa,2832.02,76694,1506,10816.11,4331,66
2025-06-23,Sillones,2943.18,79893,1534,16837.34,6854,78
2025-06-30,Aromas,1384.49,37741,695,2000.34,4383,21
2025-06-30,Baño,2711.16,73295,1462,17609.36,5714,117
2025-06-30,Cocina,3242.25,87809,1723,19777.27,13065,106
2025-06-30,Deco,4138.59,111888,2231,15960.89,14934,143
2025-06-30,Jardín,2668.6,72336,1408,10172.92,4356,117
2025-06-30,Mesa,2377.67,64578,1233,12351.04,4702,102
2025-06-30,Sillones,2469.56,67263,1249,14026.51,7783,52
2025-07-07,Aromas,1698.0,46101,883,4119.65,2052,38
2025-07-07,Baño,2483.51,67224,1326,12460.17,3399,96
2025-07-07,Cocina,3346.68,90594,1785,20895.0,8946,148
2025-07-07,Deco,2808.01,76405,1433,10132.37,8864,83
2025-07-07,Jardín,3236.46,87479,1748,9543.67,6881,154
2025-07-07,Mesa,3038.2,82192,1629,14492.15,6967,50
2025-07-07,Sillones,3279.46,88860,1735,17110.06,13847,98
2025-07-14,Aromas,2127.29,57549,1141,6211.52,6367,47
2025-07-14,Baño,2484.74,67257,1326,14154.27,7748,62
2025-07-14,Cocina,3514.57,95071,1886,23003.49,5977,145
2025-07-14,Deco,3846.7,104104,2056,11616.19,12828,111
2025-07-14,Jardín,3239.63,87564,1750,11884.97,6558,141
2025-07-14,Mesa,2126.87,57890,1083,7511.98,8038,55
2025-07-14,Sillones,3173.97,86047,1672,15287.36,4773,95
2025-07-21,Aromas,1467.37,39951,745,4000.14,6143,70
2025-07-21,Baño,1757.01,47851,890,9932.24,7012,88
2025-07-21,Cocina,2669.05,72524,1379,17378.61,8091,73
2025-07-21,Deco,2890.72,78611,1483,11838.83,6377,138
2025-07-21,Jardín,3126.51,84547,1682,8575.64,10759,65
2025-07-21,Mesa,2412.65,65511,1254,9492.81,5791,57
2025-07-21,Sillones,3442.45,93207,1833,14694.3,7746,79
2025-07-28,Aromas,2134.59,57744,1145,5959.26,6015,38
2025-07-28,Baño,2307.8,62539,1220,14001.65,3769,67
2025-07-28,Cocina,3067.98,83162,1618,22275.07,10652,115
2025-07-28,Deco,2957.98,80405,1523,11347.58,9493,49
2025-07-28,Jardín,3149.61,85163,1696,7766.5,10085,53
2025-07-28,Mesa,2035.0,55440,1027,7431.45,8835,78
2025-07-28,Sillones,3866.02,104502,2087,21195.38,15172,99
2025-08-04,Aromas,2273.47,61447,1229,5669.72,4678,93
2025-08-04,Baño,2472.85,66940,1319,15721.44,5732,90
2025-08-04,Cocina,3290.67,89101,1752,20196.42,10938,103
2025-08-04,Deco,2606.03,71020,1312,8023.03,6883,53
2025-08-04,Jardín,2161.32,58809,1103,5129.55,6626,43
2025-08-04,Mesa,2777.24,75233,1473,13867.76,8990,72
2025-08-04,Sillones,3007.96,81620,1572,16245.27,10073,116
2025-08-11,Aromas,1557.65,42359,799,3128.1,3031,53
2025-08-11,Baño,2485.08,67266,1326,12501.15,8492,50
2025-08-11,Cocina,3318.15,89833,1768,22056.54,12547,66
2025-08-11,Deco,4147.51,112126,2237,15665.31,6019,83
2025-08-11,Jardín,2827.26,76567,1503,10284.1,5776,49
2025-08-11,Mesa,2051.76,55887,1037,8701.43,3587,82
2025-08-11,Sillones,3030.46,82220,1586,13399.36,5248,69
2025-08-18,Aromas,1673.52,45448,869,4832.32,5466,35
2025-08-18,Baño,2137.48,57997,1118,10527.86,8814,59
2025-08-18,Cocina,2426.93,66067,1234,14955.52,6577,54
2025-08-18,Deco,2533.96,69098,1269,9657.99,2786,97
2025-08-18,Jardín,2668.07,72322,1407,6204.49,9172,52
2025-08-18,Mesa,2138.62,58203,1090,9396.24,2957,71
2025-08-18,Sillones,3664.53,99129,1966,18369.78,14752,173
2025-08-25,Aromas,2109.46,57074,1130,3330.29,4273,97
2025-08-25,Baño,2586.62,69974,1387,15548.02,11100,70
2025-08-25,Cocina,2890.37,78426,1512,17833.24,5545,69
2025-08-25,Deco,3086.51,83832,1600,11277.86,8023,59
2025-08-25,Jardín,2897.75,78447,1545,7916.36,4032,128
2025-08-25,Mesa,3115.16,84244,1675,11382.17,6531,136
2025-08-25,Sillones,3537.49,95741,1890,18490.04,5836,61
2025-09-01,Aromas,2362.51,63980,1256,4413.59,3272,109
2025-09-01,Baño,3192.07,86312,1719,16262.77,10323,72
2025-09-01,Cocina,3306.01,89770,1718,20880.89,4085,154
2025-09-01,Deco,3902.06,105875,2041,16225.16,8777,123
2025-09-01,Jardín,3187.59,86402,1682,9730.63,13433,82
2025-09-01,Mesa,3777.11,102123,2035,17255.27,6325,118
2025-09-01,Sillones,3139.04,85388,1606,14106.59,9786,146
2025-09-08,Aromas,1850.95,50339,949,4722.62,7706,39
2025-09-08,Baño,3228.08,87272,1740,20021.46,11867,131
2025-09-08,Cocina,2690.55,73358,1349,16103.0,6329,120
2025-09-08,Deco,5025.11,135823,2715,22764.55,18421,102
2025-09-08,Jardín,2586.73,70379,1321,8479.35,9590,102
2025-09-08,Mesa,3040.49,82480,1593,15678.65,7416,113
2025-09-08,Sillones,3970.64,107564,2105,19755.6,13288,71
2025-09-15,Aromas,2540.78,68734,1363,6276.9,10340,51
2025-09-15,Baño,2735.82,74145,1445,13263.15,6156,46
2025-09-15,Cocina,3049.18,82921,1564,21922.87,5120,88
2025-09-15,Deco,4298.04,116434,2279,18506.84,14220,202
2025-09-15,Jardín,2397.26,65327,1207,8787.3,4663,62
2025-09-15,Mesa,2384.34,64982,1200,9259.11,5806,39
2025-09-15,Sillones,3462.79,94021,1800,18936.06,14743,70
2025-09-22,Aromas,1704.32,46428,861,5388.17,4771,68
2025-09-22,Baño,2372.09,64446,1227,14678.21,8513,86
2025-09-22,Cocina,3432.44,93142,1794,24292.27,11600,138
2025-09-22,Deco,3312.79,90161,1687,12635.38,9719,166
2025-09-22,Jardín,2421.51,65974,1222,9492.95,4606,66
2025-09-22,Mesa,3239.09,87776,1712,15401.42,4514,130
2025-09-22,Sillones,3435.01,93280,1784,16808.05,11229,95
2025-09-29,Aromas,2406.72,65159,1282,5467.88,9243,114
2025-09-29,Baño,2493.11,67673,1300,13886.92,9520,89
2025-09-29,Cocina,3114.75,84670,1603,21916.07,10258,91
2025-09-29,Deco,3658.2,99372,1895,12888.06,15753,64
2025-09-29,Jardín,2718.08,73882,1400,7619.27,7314,65
2025-09-29,Mesa,3520.07,95269,1881,14699.74,13750,66
2025-09-29,Sillones,4024.5,109000,2138,16217.53,12775,87
2025-10-06,Aromas,2714.32,73362,1467,7727.72,6879,131
2025-10-06,Baño,2343.3,63678,1210,12297.87,4248,90
2025-10-06,Cocina,2679.32,73059,1342,17234.24,11427,44
2025-10-06,Deco,4593.91,124324,2456,18767.04,10989,114
2025-10-06,Jardín,3236.73,87713,1711,8434.01,8743,129
2025-10-06,Mesa,2848.02,77347,1478,9785.8,7243,56
2025-10-06,Sillones,3626.28,98381,1899,15075.61,9355,163
2025-10-13,Aromas,2038.04,55328,1061,6410.21,5588,47
2025-10-13,Baño,3176.14,85887,1709,16315.39,9177,51
2025-10-13,Cocina,4453.62,120373,2407,25829.3,6297,141
2025-10-13,Deco,4844.93,131018,2607,17691.65,6669,188
2025-10-13,Jardín,2751.47,74773,1420,7152.23,6251,47
2025-10-13,Mesa,2519.0,68573,1280,12489.86,8268,123
2025-10-13,Sillones,3022.8,82288,1536,16937.53,9404,78
2025-10-20,Aromas,1745.55,47528,886,3762.46,6231,40
2025-10-20,Baño,2776.79,75238,1470,15555.02,8066,107
2025-10-20,Cocina,3247.51,88210,1683,22536.29,5888,104
2025-10-20,Deco,4714.1,127529,2528,17130.76,12341,192
2025-10-20,Jardín,3518.18,95218,1880,12184.93,14828,94
2025-10-20,Mesa,3595.04,97268,1926,16304.44,7875,169
2025-10-20,Sillones,2906.38,79183,1467,13191.3,9969,55
2025-10-27,Aromas,2287.21,61972,1211,6051.04,7021,52
2025-10-27,Baño,2406.09,65352,1247,12993.37,2973,51
2025-10-27,Cocina,2964.05,80651,1513,19765.17,8277,119
2025-10-27,Deco,4709.8,127415,2526,19909.36,7244,202
2025-10-27,Jardín,2669.57,72589,1371,6405.47,6884,116
2025-10-27,Mesa,2312.68,63071,1157,8063.34,9563,66
2025-10-27,Sillones,2913.18,79365,1471,13730.81,10046,55
2025-11-03,Aromas,2583.22,70099,1350,8219.81,8342,130
2025-11-03,Baño,3289.25,89187,1730,19297.24,8003,164
2025-11-03,Cocina,3756.79,102174,1925,26826.49,12875,72
2025-11-03,Deco,4769.52,129440,2490,18253.33,18185,177
2025-11-03,Jardín,3615.23,98140,1883,14233.81,10171,62
2025-11-03,Mesa,3346.72,90979,1722,14138.49,5109,111
2025-11-03,Sillones,4859.4,131664,2572,27496.14,17466,158
2025-11-10,Aromas,2665.94,72305,1399,8375.05,4006,79
2025-11-10,Baño,3109.58,84395,1623,18513.51,8266,106
2025-11-10,Cocina,4483.13,121543,2361,27348.08,18503,209
2025-11-10,Deco,6178.72,167019,3335,19612.62,25142,141
2025-11-10,Jardín,2967.05,80855,1494,11041.46,8125,85
2025-11-10,Mesa,4226.37,114436,2250,15733.68,12824,206
2025-11-10,Sillones,5219.29,141261,2788,27323.82,15457,226
2025-11-17,Aromas,3069.02,83054,1641,8042.06,7435,129
2025-11-17,Baño,2445.92,66698,1224,14990.65,8769,60
2025-11-17,Cocina,3859.94,104925,1987,24559.49,16529,187
2025-11-17,Deco,5283.36,143143,2798,21477.07,22277,274
2025-11-17,Jardín,3228.16,87818,1651,7684.18,10905,149
2025-11-17,Mesa,3214.12,87443,1642,11383.9,11351,83
2025-11-17,Sillones,5516.24,149180,2967,24977.2,14073,116
2025-11-24,Aromas,2402.22,65272,1241,4911.96,10297,93
2025-11-24,Baño,3185.83,86429,1668,19909.65,10017,73
2025-11-24,Cocina,4244.53,115181,2218,24246.88,14446,211
2025-11-24,Deco,4362.65,118591,2246,16312.21,13626,113
2025-11-24,Jardín,4496.64,121644,2412,12129.78,15000,126
2025-11-24,Mesa,3285.88,89357,1686,13265.16,13850,110
2025-11-24,Sillones,4569.47,123933,2398,23270.48,10092,184
2025-12-01,Aromas,2789.06,75588,1473,7302.93,5617,131
2025-12-01,Baño,2596.42,70711,1315,12555.09,6904,91
2025-12-01,Cocina,5448.08,147275,2940,32015.53,7930,160
2025-12-01,Deco,3925.36,106930,1983,14082.23,12837,117
2025-12-01,Jardín,3385.92,92024,1746,12133.38,3960,70
2025-12-01,Mesa,4194.19,113578,2231,14302.52,15559,148
2025-12-01,Sillones,4998.86,135383,2656,20136.71,17565,236
2025-12-08,Aromas,3287.83,88889,1772,10366.59,6703,146
2025-12-08,Baño,2887.31,78468,1489,18365.25,10202,61
2025-12-08,Cocina,3564.15,97037,1810,22150.12,11686,79
2025-12-08,Deco,5586.3,151221,2980,24373.7,11249,141
2025-12-08,Jardín,4123.02,111680,2188,13275.63,5840,198
2025-12-08,Mesa,4226.95,114452,2250,14994.77,5021,195
2025-12-08,Sillones,4418.08,119895,2308,21042.61,16872,180
2025-12-15,Aromas,2827.14,76604,1496,7626.55,9172,141
2025-12-15,Baño,3861.09,104436,2074,22123.2,13481,143
2025-12-15,Cocina,5000.03,135327,2671,31385.99,17421,241
2025-12-15,Deco,5239.0,141960,2772,16509.98,9725,235
2025-12-15,Jardín,3304.41,89851,1697,8088.14,14115,88
2025-12-15,Mesa,4159.87,112663,2210,18640.71,9746,214
2025-12-15,Sillones,5362.03,145068,2874,23141.99,19708,144
2025-12-22,Aromas,2751.66,74591,1451,6668.59,9290,109
2025-12-22,Baño,2710.62,73757,1383,13038.03,5174,101
2025-12-22,Cocina,4775.1,129329,2536,31566.75,13741,78
2025-12-22,Deco,4090.9,111344,2083,13473.62,14887,189
2025-12-22,Jardín,3284.32,89315,1685,10754.83,10039,142
2025-12-22,Mesa,3741.98,101520,1959,15313.9,13259,133
2025-12-22,Sillones,3535.43,96358,1778,14694.1,13451,166
2025-12-29,Aromas,2717.12,73670,1430,4875.55,6734,98
2025-12-29,Baño,3226.6,87516,1693,17723.97,5363,131
2025-12-29,Cocina,3341.47,91099,1676,24571.1,14185,84
2025-12-29,Deco,6029.67,163044,3246,21354.68,10180,136
2025-12-29,Jardín,4599.21,124379,2474,12585.28,8781,131
2025-12-29,Mesa,3041.35,82836,1539,12902.62,4606,109
2025-12-29,Sillones,4065.44,110492,2096,22247.71,11232,118
2026-01-05,Aromas,2598.81,70782,1315,3939.12,6997,92
2026-01-05,Baño,4200.14,113801,2224,22771.56,6651,116
2026-01-05,Cocina,6501.66,175809,3500,45284.84,22004,142
2026-01-05,Deco,7013.21,189768,3754,26337.69,8748,357
2026-01-05,Jardín,4175.3,113456,2156,11657.52,8865,97
2026-01-05,Mesa,4214.8,114509,2180,15078.36,9500,185
2026-01-05,Sillones,5502.25,149264,2883,28213.89,16997,220
2026-01-12,Aromas,3155.69,85632,1649,7390.44,6835,91
2026-01-12,Baño,3158.94,86036,1599,18115.95,8656,94
2026-01-12,Cocina,6410.01,173365,3445,46268.73,10759,119
2026-01-12,Deco,5563.97,151122,2885,19352.82,15783,105
2026-01-12,Jardín,5314.13,143825,2840,19856.14,14908,283
2026-01-12,Mesa,3579.36,97564,1799,18520.54,6460,148
2026-01-12,Sillones,6041.8,163652,3206,34790.13,10890,144
2026-01-19,Aromas,3480.75,94300,1844,8790.15,14622,143
2026-01-19,Baño,4891.11,132227,2638,25397.87,5428,202
2026-01-19,Cocina,5636.31,152733,2981,33473.71,21205,294
2026-01-19,Deco,7612.58,205751,4114,30744.01,19233,383
2026-01-19,Jardín,4393.93,119286,2287,15420.5,18298,130
2026-01-19,Mesa,5486.37,148418,2943,18825.49,11652,276
2026-01-19,Sillones,4587.57,124873,2334,26136.4,14191,171
2026-01-26,Aromas,2689.9,73211,1370,5156.43,10820,59
2026-01-26,Baño,3424.65,93121,1758,20861.53,13908,153
2026-01-26,Cocina,6196.06,167660,3316,45816.27,17575,165
2026-01-26,Deco,6823.01,184696,3640,19458.13,15698,313
2026-01-26,Jardín,5753.77,155549,3103,22416.46,9346,300
2026-01-26,Mesa,5699.77,154108,3071,26256.22,15667,295
2026-01-26,Sillones,4475.37,121881,2267,24752.02,11391,74
2026-02-02,Aromas,3634.13,98390,1936,5976.76,10284,153
2026-02-02,Baño,4038.77,109498,2127,21991.91,5240,163
2026-02-02,Cocina,5667.5,153565,2999,34879.04,16056,91
2026-02-02,Deco,5764.07,156458,3005,23673.96,20782,272
2026-02-02,Jardín,4721.76,128028,2484,18157.81,15054,237
2026-02-02,Mesa,3694.98,100648,1868,15644.99,15816,157
2026-02-02,Sillones,6119.74,165731,3253,24923.99,15065,121
2026-02-09,Aromas,3663.1,99163,1954,8902.51,10808,89
2026-02-09,Baño,3105.55,84612,1567,15604.52,8047,83
2026-02-09,Cocina,6404.81,173227,3442,46333.8,22454,140
2026-02-09,Deco,6375.81,172771,3372,21734.75,8725,113
2026-02-09,Jardín,5854.64,158238,3164,13455.6,18296,190
2026-02-09,Mesa,3740.42,101859,1895,13602.79,7235,108
2026-02-09,Sillones,5067.46,137670,2622,28121.57,18627,181
2026-02-16,Aromas,2603.97,70920,1318,3782.42,3454,125
2026-02-16,Baño,4741.27,128231,2548,22435.88,13359,190
2026-02-16,Cocina,5962.15,161422,3176,34863.67,6784,244
2026-02-16,Deco,6840.33,185158,3651,19379.48,21145,302
2026-02-16,Jardín,4198.14,114065,2170,15969.64,8687,78
2026-02-16,Mesa,4553.33,123537,2383,18887.58,6514,202
2026-02-16,Sillones,6098.61,165167,3240,32606.71,18213,256
2026-02-23,Aromas,2554.51,69601,1288,6091.02,9444,87
2026-02-23,Baño,4276.38,115834,2269,24261.02,10125,173
2026-02-23,Cocina,5740.54,155513,3043,39668.39,20501,184
2026-02-23,Deco,7517.32,203211,4057,24934.65,19686,273
2026-02-23,Jardín,3798.23,103401,1930,13060.52,12539,181
2026-02-23,Mesa,5046.26,136681,2679,23156.78,21215,107
2026-02-23,Sillones,5466.28,148305,2861,29011.41,8359,164
2026-03-02,Aromas,2380.42,64674,1231,4917.52,7217,83
2026-03-02,Baño,2398.74,65418,1200,13566.79,5545,115
2026-03-02,Cocina,3760.22,102237,1932,21726.63,13843,156
2026-03-02,Deco,4053.59,110316,2066,11645.56,11740,142
2026-03-02,Jardín,2886.61,78684,1450,9139.18,10212,135
2026-03-02,Mesa,3293.77,89542,1694,13111.44,13757,86
2026-03-02,Sillones,3760.68,102334,1918,15957.24,5606,58
2026-03-09,Aromas,2221.31,60430,1136,6394.88,3732,97
2026-03-09,Baño,3991.02,107879,2155,18815.26,12677,141
2026-03-09,Cocina,3424.56,93286,1731,21601.3,7580,101
2026-03-09,Deco,5125.21,138893,2709,18942.06,8238,123
2026-03-09,Jardín,3691.91,100159,1933,11087.4,15212,192
2026-03-09,Mesa,2895.25,78915,1455,13122.89,11227,130
2026-03-09,Sillones,4234.06,114958,2202,21682.03,16113,96
2026-03-16,Aromas,3048.38,82486,1632,4871.31,4568,123
2026-03-16,Baño,3144.33,85301,1647,16411.2,6387,57
2026-03-16,Cocina,5444.03,147138,2942,32712.96,14029,201
2026-03-16,Deco,6075.43,164232,3279,19376.61,8504,264
2026-03-16,Jardín,2936.95,80027,1480,9873.2,11845,77
2026-03-16,Mesa,3748.01,101655,1967,13168.26,5286,144
2026-03-16,Sillones,3504.28,95497,1764,17931.05,9402,93
2026-03-23,Aromas,2036.09,55491,1024,6039.04,2251,48
2026-03-23,Baño,2506.04,68280,1264,12903.4,5235,89
2026-03-23,Cocina,4439.04,120339,2339,32430.21,11321,171
2026-03-23,Deco,3979.15,108331,2021,12041.23,11685,112
2026-03-23,Jardín,4026.05,109069,2134,11266.18,10070,189
2026-03-23,Mesa,4669.57,126230,2520,21941.75,8404,206
2026-03-23,Sillones,4203.17,114134,2184,22891.72,8897,130
2026-03-30,Aromas,3244.62,87719,1749,7809.54,9894,155
2026-03-30,Baño,3539.91,95849,1884,20913.08,13931,117
2026-03-30,Cocina,3348.99,91270,1685,24320.16,5121,137
2026-03-30,Deco,4931.62,133730,2593,14153.85,11106,133
2026-03-30,Jardín,3930.75,106528,2077,11505.38,11146,100
2026-03-30,Mesa,3495.53,94922,1815,16219.33,13578,72
2026-03-30,Sillones,3491.6,95159,1757,14824.29,10105,74
2026-04-06,Aromas,2646.61,71772,1391,3805.77,7952,129
2026-04-06,Baño,3311.41,89756,1747,20326.69,4402,54
2026-04-06,Cocina,4334.3,117546,2276,30709.3,17204,80
2026-04-06,Deco,5263.85,142590,2792,24079.17,14381,89
2026-04-06,Jardín,4370.0,118241,2340,17194.46,18900,147
2026-04-06,Mesa,4015.1,108777,2127,17602.44,11551,144
2026-04-06,Sillones,4802.67,130121,2543,19390.49,14290,148
2026-04-13,Aromas,2142.35,58325,1088,3929.8,5110,70
2026-04-13,Baño,3840.27,103859,2065,21820.72,6937,173
2026-04-13,Cocina,4224.92,114629,2211,25264.94,15248,122
2026-04-13,Deco,4097.3,111482,2092,14338.42,14268,105
2026-04-13,Jardín,3005.93,81866,1522,10504.94,11198,111
2026-04-13,Mesa,4525.45,122387,2433,18874.57,14627,217
2026-04-13,Sillones,5244.0,141890,2808,28329.14,13587,184
2026-04-20,Aromas,2420.1,65732,1255,7035.13,6443,69
2026-04-20,Baño,2534.63,69042,1281,14542.49,6458,54
2026-04-20,Cocina,3929.92,106762,2034,27427.54,6395,134
2026-04-20,Deco,5439.45,147272,2897,20582.23,22657,220
2026-04-20,Jardín,3890.2,105447,2052,10597.53,5013,114
2026-04-20,Mesa,2986.14,81338,1510,14995.26,5389,96
2026-04-20,Sillones,5683.72,153615,3072,24003.49,23983,250
2026-04-27,Aromas,3296.81,89110,1781,4879.02,7029,141
2026-04-27,Baño,3918.83,105954,2112,21237.24,15779,116
2026-04-27,Cocina,3874.24,105277,2000,21838.01,4751,88
2026-04-27,Deco,5170.67,140105,2736,17490.62,13500,169
2026-04-27,Jardín,3718.61,100871,1949,13762.65,14140,94
2026-04-27,Mesa,4540.25,122781,2442,22618.8,12593,215
2026-04-27,Sillones,4896.52,132623,2600,23291.37,6043,256
2026-05-04,Aromas,1661.01,45296,831,4485.56,6743,54
2026-05-04,Baño,2798.96,75856,1479,14136.54,8984,82
2026-05-04,Cocina,3622.93,98258,1902,23029.3,10348,80
2026-05-04,Deco,4322.21,117120,2286,17302.33,13867,202
2026-05-04,Jardín,2972.74,80705,1547,10472.96,7943,98
2026-05-04,Mesa,2572.88,70042,1308,12833.89,5767,118
2026-05-04,Sillones,3310.47,89997,1703,15952.56,9179,95
2026-05-11,Aromas,1744.09,47511,881,4990.57,3965,70
2026-05-11,Baño,2264.29,61598,1158,13255.52,3491,48
2026-05-11,Cocina,3837.01,103967,2031,26875.8,11696,132
2026-05-11,Deco,3770.57,102409,1955,15956.0,5043,146
2026-05-11,Jardín,2441.31,66533,1229,8504.5,9137,98
2026-05-11,Mesa,3910.16,105702,2110,19643.08,5729,97
2026-05-11,Sillones,3550.48,96397,1847,15335.66,6302,79
2026-05-18,Aromas,2407.04,65190,1279,4477.29,3868,94
2026-05-18,Baño,2294.54,62405,1176,11640.11,4074,48
2026-05-18,Cocina,4354.82,117775,2341,27809.36,11516,148
2026-05-18,Deco,4639.59,125583,2477,13897.8,17582,78
2026-05-18,Jardín,3616.9,97882,1934,10901.19,4572,92
2026-05-18,Mesa,3534.77,95692,1885,15282.86,4277,132
2026-05-18,Sillones,3105.82,84540,1580,14108.25,3819,110
2026-05-25,Aromas,2297.13,62259,1213,6768.63,3130,74
2026-05-25,Baño,2845.5,77097,1507,18250.92,8628,104
2026-05-25,Cocina,3635.15,98584,1909,23507.42,6073,185
2026-05-25,Deco,4348.17,117812,2302,15902.74,4975,185
2026-05-25,Jardín,3352.96,90844,1776,13335.79,5493,156
2026-05-25,Mesa,2998.51,81392,1563,14030.81,12952,141
2026-05-25,Sillones,3181.57,86560,1626,17836.33,10336,81
2026-06-01,Aromas,2641.52,71442,1420,7230.9,6745,101
2026-06-01,Baño,2576.66,69928,1345,13619.04,9681,57
2026-06-01,Cocina,4535.76,122600,2450,28065.92,13743,209
2026-06-01,Deco,3472.24,94454,1776,10694.15,11254,86
2026-06-01,Jardín,2771.44,75337,1427,10685.67,3995,63
2026-06-01,Mesa,3828.51,103525,2061,18691.25,6995,117
2026-06-01,Sillones,3986.26,108018,2108,21832.35,13707,113
2026-06-08,Aromas,1818.49,49495,926,3262.08,6635,60
2026-06-08,Baño,2597.6,70486,1358,14713.01,6370,54
2026-06-08,Cocina,4204.26,113760,2251,26898.6,16284,147
2026-06-08,Deco,3487.53,94862,1785,15988.65,4890,113
2026-06-08,Jardín,2631.82,71613,1343,7977.2,3984,97
2026-06-08,Mesa,2507.34,68294,1268,8731.66,3694,80
2026-06-08,Sillones,4690.45,126796,2531,20437.7,14425,82
2026-06-15,Aromas,2545.02,68869,1362,4566.27,4651,117
2026-06-15,Baño,2382.15,64741,1229,12874.81,8609,92
2026-06-15,Cocina,2783.62,75876,1399,18795.0,10569,129
2026-06-15,Deco,3931.77,106708,2052,16655.84,10953,114
2026-06-15,Jardín,2691.09,73194,1378,8907.18,8101,112
2026-06-15,Mesa,2628.6,71528,1341,10274.36,9638,76
2026-06-15,Sillones,4718.86,127554,2548,22021.6,5767,170
2026-06-22,Aromas,1756.04,47830,888,3338.76,6945,52
2026-06-22,Baño,3329.25,89997,1797,15891.38,4655,70
2026-06-22,Cocina,3865.9,104737,2048,26445.62,13760,161
2026-06-22,Deco,3879.22,105307,2020,12724.07,10241,93
2026-06-22,Jardín,2881.6,78274,1493,11449.12,10545,105
2026-06-22,Mesa,3910.64,105715,2110,16189.27,6626,168
2026-06-22,Sillones,2857.69,77923,1431,11672.52,11149,71
2026-06-29,Aromas,2505.34,67811,1338,4802.19,4776,120
2026-06-29,Baño,2054.86,56013,1032,10874.36,6640,80
2026-06-29,Cocina,4086.29,110614,2180,27673.01,5988,66
2026-06-29,Deco,3607.27,98055,1857,13331.96,7639,102
2026-06-29,Jardín,2510.88,68388,1270,9512.47,4996,98
2026-06-29,Mesa,3932.38,106295,2123,20089.51,9654,118
2026-06-29,Sillones,4427.25,119778,2373,19128.29,7015,179
2026-07-06,Aromas,2562.5,69335,1372,7104.53,5638,108
2026-07-06,Baño,2438.54,66245,1262,14245.32,8880,80
2026-07-06,Cocina,4342.41,117444,2334,25189.02,15337,137
2026-07-06,Deco,5017.89,135671,2704,17300.78,11454,186
2026-07-06,Jardín,2783.68,75663,1434,6152.16,9012,118
2026-07-06,Mesa,3672.3,99360,1967,15250.18,12747,176
2026-07-06,Sillones,3770.2,102257,1979,15610.81,7204,101
2026-07-13,Aromas,2620.32,70877,1407,3721.27,8846,58
2026-07-13,Baño,2436.22,66183,1261,15045.22,3932,56
2026-07-13,Cocina,4497.24,121573,2427,32541.31,11378,191
2026-07-13,Deco,5064.57,136916,2732,23134.75,12057,146
2026-07-13,Jardín,3587.76,97105,1916,9300.91,4945,76
2026-07-13,Mesa,3313.51,89792,1752,13054.63,13984,53
2026-07-13,Sillones,3272.2,88977,1680,14024.71,9437,132
2026-07-20,Aromas,2406.93,65187,1279,7162.35,7410,85
2026-07-20,Baño,2878.49,77976,1526,15022.67,3718,69
2026-07-20,Cocina,2828.99,77086,1426,19658.93,11647,86
2026-07-20,Deco,5046.15,136425,2721,14487.09,6767,88
2026-07-20,Jardín,3856.21,104264,2078,13305.7,16003,181
2026-07-20,Mesa,2748.09,74714,1413,13118.72,9368,101
2026-07-20,Sillones,4458.17,120602,2391,24888.8,10386,236
2026-07-27,Aromas,2373.56,64297,1259,5240.01,6551,58
2026-07-27,Baño,2316.03,62978,1189,13666.8,4043,90
2026-07-27,Cocina,3752.01,101700,1980,21538.71,11882,120
2026-07-27,Deco,4468.55,121022,2374,12737.96,16515,118
2026-07-27,Jardín,2611.69,71077,1331,10133.2,4883,39
2026-07-27,Mesa,3818.85,103267,2055,13511.32,6230,66
2026-07-27,Sillones,4579.91,123849,2465,21491.04,5453,177
2026-08-03,Aromas,2549.87,68999,1365,6134.58,3328,49
2026-08-03,Baño,3032.35,82079,1619,19017.63,10962,88
2026-08-03,Cocina,4483.53,121207,2418,28084.11,7138,241
2026-08-03,Deco,4280.34,116003,2261,13733.9,10140,160
2026-08-03,Jardín,3742.35,101228,2009,11420.75,15164,109
2026-08-03,Mesa,3579.38,96882,1911,12689.19,7182,168
2026-08-03,Sillones,4438.46,120077,2380,22506.63,12263,194
2026-08-10,Aromas,2727.53,73736,1471,6534.51,3891,51
2026-08-10,Baño,3166.49,85657,1699,16208.25,9658,74
2026-08-10,Cocina,3744.42,101497,1975,23269.1,15792,97
2026-08-10,Deco,5160.46,139473,2789,14633.21,21139,195
2026-08-10,Jardín,2569.18,69943,1305,9158.05,9536,126
2026-08-10,Mesa,2719.11,73941,1395,11572.75,5568,134
2026-08-10,Sillones,3863.74,104751,2035,19963.71,7472,119
2026-08-17,Aromas,1775.99,48362,900,2818.21,7512,55
2026-08-17,Baño,2022.14,55141,1013,12202.28,6009,79
2026-08-17,Cocina,3194.57,86835,1645,20769.31,12602,142
2026-08-17,Deco,4260.03,115462,2249,16430.77,18003,156
2026-08-17,Jardín,3197.4,86695,1682,8322.9,3752,64
2026-08-17,Mesa,2920.25,79305,1516,12134.98,7556,107
2026-08-17,Sillones,4460.68,120669,2393,20594.34,15976,198
2026-08-24,Aromas,2671.84,72251,1438,4599.04,2974,126
2026-08-24,Baño,2914.9,78947,1548,14803.44,12576,119
2026-08-24,Cocina,3173.09,86262,1632,22855.45,4149,121
2026-08-24,Deco,4024.72,109187,2108,11960.34,7380,109
2026-08-24,Jardín,3761.84,101747,2021,9823.97,12295,176
2026-08-24,Mesa,3521.09,95327,1876,12997.82,6652,68
2026-08-24,Sillones,4246.17,114949,2264,24243.34,17777,149
2026-08-31,Aromas,1793.92,48840,911,5509.67,7286,59
2026-08-31,Baño,3287.77,88891,1772,16338.44,8639,97
2026-08-31,Cocina,3990.73,108066,2123,26556.79,5308,202
2026-08-31,Deco,3490.25,94934,1787,15100.22,13985,87
2026-08-31,Jardín,3915.63,105848,2113,15405.97,15319,93
2026-08-31,Mesa,3114.46,84484,1632,13243.62,5403,132
2026-08-31,Sillones,3644.79,98912,1903,14611.31,15198,148
2026-09-07,Aromas,2810.57,76144,1489,6182.02,8654,124
2026-09-07,Baño,3965.21,107191,2140,18994.78,12244,87
2026-09-07,Cocina,3513.39,95655,1784,22205.26,6153,84
2026-09-07,Deco,5132.2,139079,2713,14709.19,7343,256
2026-09-07,Jardín,3170.6,86257,1621,11201.98,8442,119
2026-09-07,Mesa,3292.04,89496,1693,14832.48,9395,55
2026-09-07,Sillones,4145.06,112585,2149,21167.33,13633,164
2026-09-14,Aromas,2413.24,65549,1251,3946.27,4368,88
2026-09-14,Baño,2700.08,73454,1380,16537.18,10844,125
2026-09-14,Cocina,3426.55,93339,1732,24763.75,9248,171
2026-09-14,Deco,5928.8,160322,3191,25588.46,15855,315
2026-09-14,Jardín,4501.05,121736,2419,13360.2,11856,164
2026-09-14,Mesa,3174.06,86350,1623,12856.02,4015,139
2026-09-14,Sillones,4891.68,132494,2597,20983.45,19863,128
2026-09-21,Aromas,2696.51,73103,1421,7214.46,3027,63
2026-09-21,Baño,3367.76,91259,1781,18208.4,11166,75
2026-09-21,Cocina,3432.29,93492,1735,19485.25,9376,99
2026-09-21,Deco,4567.92,124032,2374,18683.89,19495,187
2026-09-21,Jardín,3987.43,108040,2111,9378.12,12266,101
2026-09-21,Mesa,3332.39,90572,1718,16592.44,9937,90
2026-09-21,Sillones,4066.89,110500,2102,17203.11,10520,164
2026-09-28,Aromas,2153.65,58626,1095,4216.85,4964,98
2026-09-28,Baño,3959.0,107025,2136,21797.7,10334,155
2026-09-28,Cocina,3679.78,100092,1884,21910.96,10592,87
2026-09-28,Deco,6051.45,163592,3265,25920.66,13727,211
2026-09-28,Jardín,4342.72,117514,2324,9768.17,6549,163
2026-09-28,Mesa,2985.18,81313,1509,15209.13,5981,64
2026-09-28,Sillones,4460.03,120984,2338,25571.14,7895,184
2026-10-05,Aromas,2547.61,69132,1331,4165.09,4005,114
2026-10-05,Baño,2604.86,70915,1323,13122.45,5133,61
2026-10-05,Cocina,5245.81,141853,2823,35146.82,9564,104
2026-10-05,Deco,4882.41,132418,2563,20334.07,12164,145
2026-10-05,Jardín,3758.58,101937,1973,8615.94,16255,176
2026-10-05,Mesa,3173.29,86329,1622,14537.92,5282,105
2026-10-05,Sillones,4595.38,124593,2419,21730.72,7164,234
2026-10-12,Aromas,2846.62,77105,1511,4587.33,3639,131
2026-10-12,Baño,3472.45,94051,1844,18295.64,12625,94
2026-10-12,Cocina,4190.89,113721,2190,28251.63,11604,176
2026-10-12,Deco,5802.15,156945,3115,25780.23,16864,217
2026-10-12,Jardín,4140.38,112118,2202,15945.93,10537,117
2026-10-12,Mesa,3115.26,84782,1587,11145.34,8239,117
2026-10-12,Sillones,3908.48,106276,2007,21254.39,9331,157
2026-10-19,Aromas,2080.34,56671,1051,5833.65,3619,73
2026-10-19,Baño,3964.56,107173,2139,18958.84,16271,102
2026-10-19,Cocina,4243.04,115112,2222,24441.52,9590,153
2026-10-19,Deco,4709.8,127815,2460,14891.45,5416,94
2026-10-19,Jardín,2896.41,78945,1456,10967.31,10549,79
2026-10-19,Mesa,2994.79,81569,1515,10281.47,9616,63
2026-10-19,Sillones,4961.77,134364,2639,22780.97,19359,257
2026-10-26,Aromas,3039.77,82256,1627,8338.03,4944,140
2026-10-26,Baño,3188.1,86468,1673,17207.2,11101,154
2026-10-26,Cocina,3866.5,105071,1996,25945.14,12690,127
2026-10-26,Deco,5045.28,136761,2661,18413.25,11724,133
2026-10-26,Jardín,4311.59,116684,2305,12502.92,12671,206
2026-10-26,Mesa,3457.68,93913,1793,15119.47,7558,133
2026-10-26,Sillones,3774.98,102716,1927,18972.37,11895,77
2026-11-02,Aromas,4092.09,110603,2211,9800.72,10328,199
2026-11-02,Baño,4795.06,129666,2580,24838.7,8737,134
2026-11-02,Cocina,6150.65,166449,3289,37445.03,8082,135
2026-11-02,Deco,6942.7,187888,3712,26260.35,14084,180
2026-11-02,Jardín,3530.36,96258,1769,8598.62,15003,104
2026-11-02,Mesa,4596.15,124679,2409,18660.64,10420,171
2026-11-02,Sillones,4437.12,120861,2244,19932.08,14183,109
2026-11-09,Aromas,2952.69,80219,1527,7255.7,4200,52
2026-11-09,Baño,4845.81,131019,2611,29885.85,16683,199
2026-11-09,Cocina,6702.74,181172,3620,39155.66,11244,114
2026-11-09,Deco,7304.24,197529,3929,22697.49,30192,310
2026-11-09,Jardín,5705.95,154273,3075,21255.46,6659,177
2026-11-09,Mesa,4307.1,116971,2235,20886.68,17012,152
2026-11-09,Sillones,5041.77,136985,2606,24229.13,6795,108
2026-11-16,Aromas,2721.38,74050,1389,4108.74,5487,102
2026-11-16,Baño,3378.95,91903,1731,19393.48,6570,70
2026-11-16,Cocina,5276.27,143132,2765,38654.06,18864,99
2026-11-16,Deco,4708.22,128302,2371,18583.16,15214,218
2026-11-16,Jardín,5176.62,140158,2757,16753.82,6086,210
2026-11-16,Mesa,3978.56,108210,2038,16501.95,6033,180
2026-11-16,Sillones,6250.2,169210,3331,35530.01,13050,157
2026-11-23,Aromas,3436.96,93132,1818,10889.39,11521,77
2026-11-23,Baño,3575.09,97133,1848,19845.47,9435,181
2026-11-23,Cocina,5747.11,155688,3047,33830.71,22301,160
2026-11-23,Deco,5630.47,152895,2925,20136.48,16034,143
2026-11-23,Jardín,5260.13,142385,2807,15501.6,16559,195
2026-11-23,Mesa,5338.63,144478,2854,22717.79,16139,211
2026-11-23,Sillones,4734.02,128778,2422,24076.94,12025,237
2026-11-30,Aromas,2743.53,74641,1402,6886.92,5312,71
2026-11-30,Baño,3959.71,107390,2079,25527.85,8286,112
2026-11-30,Cocina,4024.34,109748,2013,26824.64,11283,150
2026-11-30,Deco,5280.68,143567,2715,16999.67,15040,234
2026-11-30,Jardín,3884.59,105704,1982,14898.57,14983,107
2026-11-30,Mesa,3493.01,95262,1747,15170.84,3811,152
2026-11-30,Sillones,7017.86,189681,3792,39842.08,17644,210
2026-12-07,Aromas,3550.03,96148,1886,9371.51,6513,57
2026-12-07,Baño,4504.07,121906,2406,21913.38,18365,231
2026-12-07,Cocina,6199.07,167740,3318,39582.05,16153,101
2026-12-07,Deco,6806.62,184259,3630,20291.08,17918,111
2026-12-07,Jardín,5201.84,140830,2772,13062.96,15106,159
2026-12-07,Mesa,5662.18,153106,3048,21946.16,12989,179
2026-12-07,Sillones,4772.84,129813,2445,19165.24,11897,123
2026-12-14,Aromas,3540.71,95899,1880,9290.19,14307,162
2026-12-14,Baño,3971.64,107708,2086,23955.5,9345,117
2026-12-14,Cocina,6414.93,173497,3448,37148.73,10339,281
2026-12-14,Deco,5653.35,153505,2938,16432.82,10984,174
2026-12-14,Jardín,3564.14,97158,1790,13882.54,12548,155
2026-12-14,Mesa,4189.58,113837,2165,19967.62,13905,108
2026-12-14,Sillones,7035.84,190160,3803,37079.44,13073,317
2026-12-21,Aromas,3417.97,92626,1807,5775.07,5792,56
2026-12-21,Baño,4283.66,116028,2274,21551.95,7180,114
2026-12-21,Cocina,5922.48,160365,3152,36109.24,14360,282
2026-12-21,Deco,4879.87,132879,2474,20179.43,15470,181
2026-12-21,Jardín,3716.39,101219,1881,12134.24,6307,69
2026-12-21,Mesa,3523.7,96080,1765,18240.79,4415,119
2026-12-21,Sillones,5751.76,155918,3032,25734.06,11328,223
2026-12-28,Aromas,3659.94,99079,1952,10332.3,13468,194
2026-12-28,Baño,3552.04,96519,1835,20347.29,12282,84
2026-12-28,Cocina,4661.52,126739,2396,26399.03,9163,191
2026-12-28,Deco,6179.42,167534,3254,25196.34,9730,210
2026-12-28,Jardín,5781.37,156284,3120,19666.37,12444,277
2026-12-28,Mesa,5643.62,152611,3037,21528.83,14596,259
2026-12-28,Sillones,6965.9,188295,3761,38892.57,15257,194
